case_id,time_s,command,state_name,state_code,fault_detected,fault_detected_code,fault_latched,fault_latched_code,vin_v,vout_v,iout_a,temperature_c,vref_cmd_v,duty_cmd,pwm_enable,soft_start_elapsed_ms
run_ocp_fault,0,NONE,IDLE,1,NONE,0,NONE,0,24,12,5,35,0,0,0,0
run_ocp_fault,5e-05,NONE,IDLE,1,NONE,0,NONE,0,24,12,5,35,0,0,0,0
run_ocp_fault,0.0001,NONE,IDLE,1,NONE,0,NONE,0,24,12,5,35,0,0,0,0
run_ocp_fault,0.00015,NONE,IDLE,1,NONE,0,NONE,0,24,12,5,35,0,0,0,0
run_ocp_fault,0.0002,NONE,IDLE,1,NONE,0,NONE,0,24,12,5,35,0,0,0,0
run_ocp_fault,0.00025,NONE,IDLE,1,NONE,0,NONE,0,24,12,5,35,0,0,0,0
run_ocp_fault,0.0003,NONE,IDLE,1,NONE,0,NONE,0,24,12,5,35,0,0,0,0
run_ocp_fault,0.00035,NONE,IDLE,1,NONE,0,NONE,0,24,12,5,35,0,0,0,0
run_ocp_fault,0.0004,NONE,IDLE,1,NONE,0,NONE,0,24,12,5,35,0,0,0,0
run_ocp_fault,0.00045,NONE,IDLE,1,NONE,0,NONE,0,24,12,5,35,0,0,0,0
run_ocp_fault,0.0005,ENABLE,SOFT_START,2,NONE,0,NONE,0,24,12,5,35,0,0,1,0
run_ocp_fault,0.00055,ENABLE,SOFT_START,2,NONE,0,NONE,0,24,12,5,35,0.12,0.005,1,0.05
run_ocp_fault,0.0006,ENABLE,SOFT_START,2,NONE,0,NONE,0,24,12,5,35,0.24,0.01,1,0.1
run_ocp_fault,0.00065,ENABLE,SOFT_START,2,NONE,0,NONE,0,24,12,5,35,0.36,0.015,1,0.15
run_ocp_fault,0.0007,ENABLE,SOFT_START,2,NONE,0,NONE,0,24,12,5,35,0.48,0.02,1,0.2
run_ocp_fault,0.00075,ENABLE,SOFT_START,2,NONE,0,NONE,0,24,12,5,35,0.6,0.025,1,0.25
run_ocp_fault,0.0008,ENABLE,SOFT_START,2,NONE,0,NONE,0,24,12,5,35,0.72,0.03,1,0.3
run_ocp_fault,0.00085,ENABLE,SOFT_START,2,NONE,0,NONE,0,24,12,5,35,0.84,0.035,1,0.35
run_ocp_fault,0.0009,ENABLE,SOFT_START,2,NONE,0,NONE,0,24,12,5,35,0.96,0.04,1,0.4
run_ocp_fault,0.00095,ENABLE,SOFT_START,2,NONE,0,NONE,0,24,12,5,35,1.08,0.045,1,0.45
run_ocp_fault,0.001,ENABLE,SOFT_START,2,NONE,0,NONE,0,24,12,5,35,1.2,0.05,1,0.5
run_ocp_fault,0.00105,ENABLE,SOFT_START,2,NONE,0,NONE,0,24,12,5,35,1.32,0.055,1,0.55
run_ocp_fault,0.0011,ENABLE,SOFT_START,2,NONE,0,NONE,0,24,12,5,35,1.44,0.06,1,0.6
run_ocp_fault,0.00115,ENABLE,SOFT_START,2,NONE,0,NONE,0,24,12,5,35,1.56,0.065,1,0.65
run_ocp_fault,0.0012,ENABLE,SOFT_START,2,NONE,0,NONE,0,24,12,5,35,1.68,0.07,1,0.7
run_ocp_fault,0.00125,ENABLE,SOFT_START,2,NONE,0,NONE,0,24,12,5,35,1.8,0.075,1,0.75
run_ocp_fault,0.0013,ENABLE,SOFT_START,2,NONE,0,NONE,0,24,12,5,35,1.92,0.08,1,0.8
run_ocp_fault,0.00135,ENABLE,SOFT_START,2,NONE,0,NONE,0,24,12,5,35,2.04,0.085,1,0.85
run_ocp_fault,0.0014,ENABLE,SOFT_START,2,NONE,0,NONE,0,24,12,5,35,2.16,0.09,1,0.9
run_ocp_fault,0.00145,ENABLE,SOFT_START,2,NONE,0,NONE,0,24,12,5,35,2.28,0.095,1,0.95
run_ocp_fault,0.0015,ENABLE,SOFT_START,2,NONE,0,NONE,0,24,12,5,35,2.4,0.1,1,1
run_ocp_fault,0.00155,ENABLE,SOFT_START,2,NONE,0,NONE,0,24,12,5,35,2.52,0.105,1,1.05
run_ocp_fault,0.0016,ENABLE,SOFT_START,2,NONE,0,NONE,0,24,12,5,35,2.64,0.11,1,1.1
run_ocp_fault,0.00165,ENABLE,SOFT_START,2,NONE,0,NONE,0,24,12,5,35,2.76,0.115,1,1.15
run_ocp_fault,0.0017,ENABLE,SOFT_START,2,NONE,0,NONE,0,24,12,5,35,2.88,0.12,1,1.2
run_ocp_fault,0.00175,ENABLE,SOFT_START,2,NONE,0,NONE,0,24,12,5,35,3,0.125,1,1.25
run_ocp_fault,0.0018,ENABLE,SOFT_START,2,NONE,0,NONE,0,24,12,5,35,3.12,0.13,1,1.3
run_ocp_fault,0.00185,ENABLE,SOFT_START,2,NONE,0,NONE,0,24,12,5,35,3.24,0.135,1,1.35
run_ocp_fault,0.0019,ENABLE,SOFT_START,2,NONE,0,NONE,0,24,12,5,35,3.36,0.14,1,1.4
run_ocp_fault,0.00195,ENABLE,SOFT_START,2,NONE,0,NONE,0,24,12,5,35,3.48,0.145,1,1.45
run_ocp_fault,0.002,ENABLE,SOFT_START,2,NONE,0,NONE,0,24,12,5,35,3.6,0.15,1,1.5
run_ocp_fault,0.00205,ENABLE,SOFT_START,2,NONE,0,NONE,0,24,12,5,35,3.72,0.155,1,1.55
run_ocp_fault,0.0021,ENABLE,SOFT_START,2,NONE,0,NONE,0,24,12,5,35,3.84,0.16,1,1.6
run_ocp_fault,0.00215,ENABLE,SOFT_START,2,NONE,0,NONE,0,24,12,5,35,3.96,0.165,1,1.65
run_ocp_fault,0.0022,ENABLE,SOFT_START,2,NONE,0,NONE,0,24,12,5,35,4.08,0.17,1,1.7
run_ocp_fault,0.00225,ENABLE,SOFT_START,2,NONE,0,NONE,0,24,12,5,35,4.2,0.175,1,1.75
run_ocp_fault,0.0023,ENABLE,SOFT_START,2,NONE,0,NONE,0,24,12,5,35,4.32,0.18,1,1.8
run_ocp_fault,0.00235,ENABLE,SOFT_START,2,NONE,0,NONE,0,24,12,5,35,4.44,0.185,1,1.85
run_ocp_fault,0.0024,ENABLE,SOFT_START,2,NONE,0,NONE,0,24,12,5,35,4.56,0.19,1,1.9
run_ocp_fault,0.00245,ENABLE,SOFT_START,2,NONE,0,NONE,0,24,12,5,35,4.68,0.195,1,1.95
run_ocp_fault,0.0025,ENABLE,SOFT_START,2,NONE,0,NONE,0,24,12,5,35,4.8,0.2,1,2
run_ocp_fault,0.00255,ENABLE,SOFT_START,2,NONE,0,NONE,0,24,12,5,35,4.92,0.205,1,2.05
run_ocp_fault,0.0026,ENABLE,SOFT_START,2,NONE,0,NONE,0,24,12,5,35,5.04,0.21,1,2.1
run_ocp_fault,0.00265,ENABLE,SOFT_START,2,NONE,0,NONE,0,24,12,5,35,5.16,0.215,1,2.15
run_ocp_fault,0.0027,ENABLE,SOFT_START,2,NONE,0,NONE,0,24,12,5,35,5.28,0.22,1,2.2
run_ocp_fault,0.00275,ENABLE,SOFT_START,2,NONE,0,NONE,0,24,12,5,35,5.4,0.225,1,2.25
run_ocp_fault,0.0028,ENABLE,SOFT_START,2,NONE,0,NONE,0,24,12,5,35,5.52,0.23,1,2.3
run_ocp_fault,0.00285,ENABLE,SOFT_START,2,NONE,0,NONE,0,24,12,5,35,5.64,0.235,1,2.35
run_ocp_fault,0.0029,ENABLE,SOFT_START,2,NONE,0,NONE,0,24,12,5,35,5.76,0.24,1,2.4
run_ocp_fault,0.00295,ENABLE,SOFT_START,2,NONE,0,NONE,0,24,12,5,35,5.88,0.245,1,2.45
run_ocp_fault,0.003,ENABLE,SOFT_START,2,NONE,0,NONE,0,24,12,5,35,6,0.25,1,2.5
run_ocp_fault,0.00305,ENABLE,SOFT_START,2,NONE,0,NONE,0,24,12,5,35,6.12,0.255,1,2.55
run_ocp_fault,0.0031,ENABLE,SOFT_START,2,NONE,0,NONE,0,24,12,5,35,6.24,0.26,1,2.6
run_ocp_fault,0.00315,ENABLE,SOFT_START,2,NONE,0,NONE,0,24,12,5,35,6.36,0.265,1,2.65
run_ocp_fault,0.0032,ENABLE,SOFT_START,2,NONE,0,NONE,0,24,12,5,35,6.48,0.27,1,2.7
run_ocp_fault,0.00325,ENABLE,SOFT_START,2,NONE,0,NONE,0,24,12,5,35,6.6,0.275,1,2.75
run_ocp_fault,0.0033,ENABLE,SOFT_START,2,NONE,0,NONE,0,24,12,5,35,6.72,0.28,1,2.8
run_ocp_fault,0.00335,ENABLE,SOFT_START,2,NONE,0,NONE,0,24,12,5,35,6.84,0.285,1,2.85
run_ocp_fault,0.0034,ENABLE,SOFT_START,2,NONE,0,NONE,0,24,12,5,35,6.96,0.29,1,2.9
run_ocp_fault,0.00345,ENABLE,SOFT_START,2,NONE,0,NONE,0,24,12,5,35,7.08,0.295,1,2.95
run_ocp_fault,0.0035,ENABLE,SOFT_START,2,NONE,0,NONE,0,24,12,5,35,7.2,0.3,1,3
run_ocp_fault,0.00355,ENABLE,SOFT_START,2,NONE,0,NONE,0,24,12,5,35,7.32,0.305,1,3.05
run_ocp_fault,0.0036,ENABLE,SOFT_START,2,NONE,0,NONE,0,24,12,5,35,7.44,0.31,1,3.1
run_ocp_fault,0.00365,ENABLE,SOFT_START,2,NONE,0,NONE,0,24,12,5,35,7.56,0.315,1,3.15
run_ocp_fault,0.0037,ENABLE,SOFT_START,2,NONE,0,NONE,0,24,12,5,35,7.68000000000001,0.32,1,3.2
run_ocp_fault,0.00375,ENABLE,SOFT_START,2,NONE,0,NONE,0,24,12,5,35,7.8,0.325,1,3.25
run_ocp_fault,0.0038,ENABLE,SOFT_START,2,NONE,0,NONE,0,24,12,5,35,7.92,0.33,1,3.3
run_ocp_fault,0.00385,ENABLE,SOFT_START,2,NONE,0,NONE,0,24,12,5,35,8.04,0.335,1,3.35
run_ocp_fault,0.0039,ENABLE,SOFT_START,2,NONE,0,NONE,0,24,12,5,35,8.16000000000001,0.34,1,3.4
run_ocp_fault,0.00395,ENABLE,SOFT_START,2,NONE,0,NONE,0,24,12,5,35,8.28000000000001,0.345,1,3.45
run_ocp_fault,0.004,ENABLE,SOFT_START,2,NONE,0,NONE,0,24,12,5,35,8.40000000000001,0.35,1,3.5
run_ocp_fault,0.00405,ENABLE,SOFT_START,2,NONE,0,NONE,0,24,12,5,35,8.52000000000001,0.355,1,3.55
run_ocp_fault,0.0041,ENABLE,SOFT_START,2,NONE,0,NONE,0,24,12,5,35,8.64000000000001,0.36,1,3.6
run_ocp_fault,0.00415,ENABLE,SOFT_START,2,NONE,0,NONE,0,24,12,5,35,8.76000000000001,0.365,1,3.65
run_ocp_fault,0.0042,ENABLE,SOFT_START,2,NONE,0,NONE,0,24,12,5,35,8.88000000000001,0.37,1,3.7
run_ocp_fault,0.00425,ENABLE,SOFT_START,2,NONE,0,NONE,0,24,12,5,35,9.00000000000001,0.375,1,3.75
run_ocp_fault,0.0043,ENABLE,SOFT_START,2,NONE,0,NONE,0,24,12,5,35,9.12000000000001,0.38,1,3.8
run_ocp_fault,0.00435,ENABLE,SOFT_START,2,NONE,0,NONE,0,24,12,5,35,9.24000000000001,0.385,1,3.85
run_ocp_fault,0.0044,ENABLE,SOFT_START,2,NONE,0,NONE,0,24,12,5,35,9.36000000000001,0.39,1,3.9
run_ocp_fault,0.00445,ENABLE,SOFT_START,2,NONE,0,NONE,0,24,12,5,35,9.48000000000001,0.395,1,3.95
run_ocp_fault,0.0045,ENABLE,SOFT_START,2,NONE,0,NONE,0,24,12,5,35,9.60000000000001,0.4,1,4
run_ocp_fault,0.00455,ENABLE,SOFT_START,2,NONE,0,NONE,0,24,12,5,35,9.72000000000001,0.405,1,4.05
run_ocp_fault,0.0046,ENABLE,SOFT_START,2,NONE,0,NONE,0,24,12,5,35,9.84000000000001,0.41,1,4.1
run_ocp_fault,0.00465,ENABLE,SOFT_START,2,NONE,0,NONE,0,24,12,5,35,9.96000000000001,0.415,1,4.15
run_ocp_fault,0.0047,ENABLE,SOFT_START,2,NONE,0,NONE,0,24,12,5,35,10.08,0.42,1,4.2
run_ocp_fault,0.00475,ENABLE,SOFT_START,2,NONE,0,NONE,0,24,12,5,35,10.2,0.425,1,4.25
run_ocp_fault,0.0048,ENABLE,SOFT_START,2,NONE,0,NONE,0,24,12,5,35,10.32,0.43,1,4.3
run_ocp_fault,0.00485,ENABLE,SOFT_START,2,NONE,0,NONE,0,24,12,5,35,10.44,0.435,1,4.35
run_ocp_fault,0.0049,ENABLE,SOFT_START,2,NONE,0,NONE,0,24,12,5,35,10.56,0.44,1,4.4
run_ocp_fault,0.00495,ENABLE,SOFT_START,2,NONE,0,NONE,0,24,12,5,35,10.68,0.445,1,4.45
run_ocp_fault,0.005,ENABLE,SOFT_START,2,NONE,0,NONE,0,24,12,5,35,10.8,0.45,1,4.5
run_ocp_fault,0.00505,ENABLE,SOFT_START,2,NONE,0,NONE,0,24,12,5,35,10.92,0.455,1,4.55
run_ocp_fault,0.0051,ENABLE,SOFT_START,2,NONE,0,NONE,0,24,12,5,35,11.04,0.46,1,4.6
run_ocp_fault,0.00515,ENABLE,SOFT_START,2,NONE,0,NONE,0,24,12,5,35,11.16,0.465,1,4.65
run_ocp_fault,0.0052,ENABLE,SOFT_START,2,NONE,0,NONE,0,24,12,5,35,11.28,0.47,1,4.7
run_ocp_fault,0.00525,ENABLE,SOFT_START,2,NONE,0,NONE,0,24,12,5,35,11.4,0.475,1,4.75
run_ocp_fault,0.0053,ENABLE,SOFT_START,2,NONE,0,NONE,0,24,12,5,35,11.52,0.48,1,4.8
run_ocp_fault,0.00535,ENABLE,SOFT_START,2,NONE,0,NONE,0,24,12,5,35,11.64,0.485,1,4.85
run_ocp_fault,0.0054,ENABLE,SOFT_START,2,NONE,0,NONE,0,24,12,5,35,11.76,0.49,1,4.9
run_ocp_fault,0.00545,ENABLE,SOFT_START,2,NONE,0,NONE,0,24,12,5,35,11.88,0.495,1,4.95
run_ocp_fault,0.0055,ENABLE,SOFT_START,2,NONE,0,NONE,0,24,12,5,35,12,0.5,1,5
run_ocp_fault,0.00555,ENABLE,RUN,3,NONE,0,NONE,0,24,12,5,35,12,0.5,1,5
run_ocp_fault,0.0056,ENABLE,RUN,3,NONE,0,NONE,0,24,12,5,35,12,0.5,1,5
run_ocp_fault,0.00565,ENABLE,RUN,3,NONE,0,NONE,0,24,12,5,35,12,0.5,1,5
run_ocp_fault,0.0057,ENABLE,RUN,3,NONE,0,NONE,0,24,12,5,35,12,0.5,1,5
run_ocp_fault,0.00575,ENABLE,RUN,3,NONE,0,NONE,0,24,12,5,35,12,0.5,1,5
run_ocp_fault,0.0058,ENABLE,RUN,3,NONE,0,NONE,0,24,12,5,35,12,0.5,1,5
run_ocp_fault,0.00585,ENABLE,RUN,3,NONE,0,NONE,0,24,12,5,35,12,0.5,1,5
run_ocp_fault,0.0059,ENABLE,RUN,3,NONE,0,NONE,0,24,12,5,35,12,0.5,1,5
run_ocp_fault,0.00595,ENABLE,RUN,3,NONE,0,NONE,0,24,12,5,35,12,0.5,1,5
run_ocp_fault,0.006,ENABLE,RUN,3,NONE,0,NONE,0,24,12,5,35,12,0.5,1,5
run_ocp_fault,0.00605,ENABLE,RUN,3,NONE,0,NONE,0,24,12,5,35,12,0.5,1,5
run_ocp_fault,0.0061,ENABLE,RUN,3,NONE,0,NONE,0,24,12,5,35,12,0.5,1,5
run_ocp_fault,0.00615,ENABLE,RUN,3,NONE,0,NONE,0,24,12,5,35,12,0.5,1,5
run_ocp_fault,0.0062,ENABLE,RUN,3,NONE,0,NONE,0,24,12,5,35,12,0.5,1,5
run_ocp_fault,0.00625,ENABLE,RUN,3,NONE,0,NONE,0,24,12,5,35,12,0.5,1,5
run_ocp_fault,0.0063,ENABLE,RUN,3,NONE,0,NONE,0,24,12,5,35,12,0.5,1,5
run_ocp_fault,0.00635,ENABLE,RUN,3,NONE,0,NONE,0,24,12,5,35,12,0.5,1,5
run_ocp_fault,0.0064,ENABLE,RUN,3,NONE,0,NONE,0,24,12,5,35,12,0.5,1,5
run_ocp_fault,0.00645,ENABLE,RUN,3,NONE,0,NONE,0,24,12,5,35,12,0.5,1,5
run_ocp_fault,0.0065,ENABLE,RUN,3,NONE,0,NONE,0,24,12,5,35,12,0.5,1,5
run_ocp_fault,0.00655,ENABLE,RUN,3,NONE,0,NONE,0,24,12,5,35,12,0.5,1,5
run_ocp_fault,0.0066,ENABLE,RUN,3,NONE,0,NONE,0,24,12,5,35,12,0.5,1,5
run_ocp_fault,0.00665,ENABLE,RUN,3,NONE,0,NONE,0,24,12,5,35,12,0.5,1,5
run_ocp_fault,0.0067,ENABLE,RUN,3,NONE,0,NONE,0,24,12,5,35,12,0.5,1,5
run_ocp_fault,0.00675,ENABLE,RUN,3,NONE,0,NONE,0,24,12,5,35,12,0.5,1,5
run_ocp_fault,0.0068,ENABLE,RUN,3,NONE,0,NONE,0,24,12,5,35,12,0.5,1,5
run_ocp_fault,0.00685,ENABLE,RUN,3,NONE,0,NONE,0,24,12,5,35,12,0.5,1,5
run_ocp_fault,0.0069,ENABLE,RUN,3,NONE,0,NONE,0,24,12,5,35,12,0.5,1,5
run_ocp_fault,0.00695,ENABLE,RUN,3,NONE,0,NONE,0,24,12,5,35,12,0.5,1,5
run_ocp_fault,0.007,ENABLE,RUN,3,NONE,0,NONE,0,24,12,5,35,12,0.5,1,5
run_ocp_fault,0.00705,ENABLE,RUN,3,NONE,0,NONE,0,24,12,5,35,12,0.5,1,5
run_ocp_fault,0.0071,ENABLE,RUN,3,NONE,0,NONE,0,24,12,5,35,12,0.5,1,5
run_ocp_fault,0.00715,ENABLE,RUN,3,NONE,0,NONE,0,24,12,5,35,12,0.5,1,5
run_ocp_fault,0.0072,ENABLE,RUN,3,NONE,0,NONE,0,24,12,5,35,12,0.5,1,5
run_ocp_fault,0.00725,ENABLE,RUN,3,NONE,0,NONE,0,24,12,5,35,12,0.5,1,5
run_ocp_fault,0.0073,ENABLE,RUN,3,NONE,0,NONE,0,24,12,5,35,12,0.5,1,5
run_ocp_fault,0.00735,ENABLE,RUN,3,NONE,0,NONE,0,24,12,5,35,12,0.5,1,5
run_ocp_fault,0.0074,ENABLE,RUN,3,NONE,0,NONE,0,24,12,5,35,12,0.5,1,5
run_ocp_fault,0.00745,ENABLE,RUN,3,NONE,0,NONE,0,24,12,5,35,12,0.5,1,5
run_ocp_fault,0.0075,ENABLE,RUN,3,NONE,0,NONE,0,24,12,5,35,12,0.5,1,5
run_ocp_fault,0.00755,ENABLE,RUN,3,NONE,0,NONE,0,24,12,5,35,12,0.5,1,5
run_ocp_fault,0.0076,ENABLE,RUN,3,NONE,0,NONE,0,24,12,5,35,12,0.5,1,5
run_ocp_fault,0.00765,ENABLE,RUN,3,NONE,0,NONE,0,24,12,5,35,12,0.5,1,5
run_ocp_fault,0.0077,ENABLE,RUN,3,NONE,0,NONE,0,24,12,5,35,12,0.5,1,5
run_ocp_fault,0.00775,ENABLE,RUN,3,NONE,0,NONE,0,24,12,5,35,12,0.5,1,5
run_ocp_fault,0.0078,ENABLE,RUN,3,NONE,0,NONE,0,24,12,5,35,12,0.5,1,5
run_ocp_fault,0.00785,ENABLE,RUN,3,NONE,0,NONE,0,24,12,5,35,12,0.5,1,5
run_ocp_fault,0.0079,ENABLE,RUN,3,NONE,0,NONE,0,24,12,5,35,12,0.5,1,5
run_ocp_fault,0.00795,ENABLE,RUN,3,NONE,0,NONE,0,24,12,5,35,12,0.5,1,5
run_ocp_fault,0.008,ENABLE,FAULT_LATCH,4,OCP,1,OCP,1,24,12,7.2,35,0,0,0,0
run_ocp_fault,0.00805,ENABLE,FAULT_LATCH,4,OCP,1,OCP,1,24,12,7.2,35,0,0,0,0
run_ocp_fault,0.0081,ENABLE,FAULT_LATCH,4,OCP,1,OCP,1,24,12,7.2,35,0,0,0,0
run_ocp_fault,0.00815,ENABLE,FAULT_LATCH,4,OCP,1,OCP,1,24,12,7.2,35,0,0,0,0
run_ocp_fault,0.0082,ENABLE,FAULT_LATCH,4,OCP,1,OCP,1,24,12,7.2,35,0,0,0,0
run_ocp_fault,0.00825,ENABLE,FAULT_LATCH,4,OCP,1,OCP,1,24,12,7.2,35,0,0,0,0
run_ocp_fault,0.0083,ENABLE,FAULT_LATCH,4,OCP,1,OCP,1,24,12,7.2,35,0,0,0,0
run_ocp_fault,0.00835,ENABLE,FAULT_LATCH,4,OCP,1,OCP,1,24,12,7.2,35,0,0,0,0
run_ocp_fault,0.0084,ENABLE,FAULT_LATCH,4,OCP,1,OCP,1,24,12,7.2,35,0,0,0,0
run_ocp_fault,0.00845,ENABLE,FAULT_LATCH,4,OCP,1,OCP,1,24,12,7.2,35,0,0,0,0
run_ocp_fault,0.0085,ENABLE,FAULT_LATCH,4,OCP,1,OCP,1,24,12,7.2,35,0,0,0,0
run_ocp_fault,0.00855,ENABLE,FAULT_LATCH,4,OCP,1,OCP,1,24,12,7.2,35,0,0,0,0
run_ocp_fault,0.0086,ENABLE,FAULT_LATCH,4,OCP,1,OCP,1,24,12,7.2,35,0,0,0,0
run_ocp_fault,0.00865,ENABLE,FAULT_LATCH,4,OCP,1,OCP,1,24,12,7.2,35,0,0,0,0
run_ocp_fault,0.0087,ENABLE,FAULT_LATCH,4,OCP,1,OCP,1,24,12,7.2,35,0,0,0,0
run_ocp_fault,0.00875,ENABLE,FAULT_LATCH,4,OCP,1,OCP,1,24,12,7.2,35,0,0,0,0
run_ocp_fault,0.0088,ENABLE,FAULT_LATCH,4,OCP,1,OCP,1,24,12,7.2,35,0,0,0,0
run_ocp_fault,0.00885,ENABLE,FAULT_LATCH,4,OCP,1,OCP,1,24,12,7.2,35,0,0,0,0
run_ocp_fault,0.0089,ENABLE,FAULT_LATCH,4,OCP,1,OCP,1,24,12,7.2,35,0,0,0,0
run_ocp_fault,0.00895,ENABLE,FAULT_LATCH,4,OCP,1,OCP,1,24,12,7.2,35,0,0,0,0
run_ocp_fault,0.009,ENABLE,FAULT_LATCH,4,NONE,0,OCP,1,24,12,5,35,0,0,0,0
run_ocp_fault,0.00905,ENABLE,FAULT_LATCH,4,NONE,0,OCP,1,24,12,5,35,0,0,0,0
run_ocp_fault,0.0091,ENABLE,FAULT_LATCH,4,NONE,0,OCP,1,24,12,5,35,0,0,0,0
run_ocp_fault,0.00915,ENABLE,FAULT_LATCH,4,NONE,0,OCP,1,24,12,5,35,0,0,0,0
run_ocp_fault,0.0092,ENABLE,FAULT_LATCH,4,NONE,0,OCP,1,24,12,5,35,0,0,0,0
run_ocp_fault,0.00925,ENABLE,FAULT_LATCH,4,NONE,0,OCP,1,24,12,5,35,0,0,0,0
run_ocp_fault,0.0093,ENABLE,FAULT_LATCH,4,NONE,0,OCP,1,24,12,5,35,0,0,0,0
run_ocp_fault,0.00935,ENABLE,FAULT_LATCH,4,NONE,0,OCP,1,24,12,5,35,0,0,0,0
run_ocp_fault,0.0094,ENABLE,FAULT_LATCH,4,NONE,0,OCP,1,24,12,5,35,0,0,0,0
run_ocp_fault,0.00945,ENABLE,FAULT_LATCH,4,NONE,0,OCP,1,24,12,5,35,0,0,0,0
run_ocp_fault,0.0095,ENABLE,FAULT_LATCH,4,NONE,0,OCP,1,24,12,5,35,0,0,0,0
run_ocp_fault,0.00955,ENABLE,FAULT_LATCH,4,NONE,0,OCP,1,24,12,5,35,0,0,0,0
run_ocp_fault,0.0096,ENABLE,FAULT_LATCH,4,NONE,0,OCP,1,24,12,5,35,0,0,0,0
run_ocp_fault,0.00965,ENABLE,FAULT_LATCH,4,NONE,0,OCP,1,24,12,5,35,0,0,0,0
run_ocp_fault,0.0097,ENABLE,FAULT_LATCH,4,NONE,0,OCP,1,24,12,5,35,0,0,0,0
run_ocp_fault,0.00975,ENABLE,FAULT_LATCH,4,NONE,0,OCP,1,24,12,5,35,0,0,0,0
run_ocp_fault,0.0098,ENABLE,FAULT_LATCH,4,NONE,0,OCP,1,24,12,5,35,0,0,0,0
run_ocp_fault,0.00985,ENABLE,FAULT_LATCH,4,NONE,0,OCP,1,24,12,5,35,0,0,0,0
run_ocp_fault,0.0099,ENABLE,FAULT_LATCH,4,NONE,0,OCP,1,24,12,5,35,0,0,0,0
run_ocp_fault,0.00995,ENABLE,FAULT_LATCH,4,NONE,0,OCP,1,24,12,5,35,0,0,0,0
run_ocp_fault,0.01,ENABLE,FAULT_LATCH,4,NONE,0,OCP,1,24,12,5,35,0,0,0,0
run_ocp_fault,0.01005,ENABLE,FAULT_LATCH,4,NONE,0,OCP,1,24,12,5,35,0,0,0,0
run_ocp_fault,0.0101,ENABLE,FAULT_LATCH,4,NONE,0,OCP,1,24,12,5,35,0,0,0,0
run_ocp_fault,0.01015,ENABLE,FAULT_LATCH,4,NONE,0,OCP,1,24,12,5,35,0,0,0,0
run_ocp_fault,0.0102,ENABLE,FAULT_LATCH,4,NONE,0,OCP,1,24,12,5,35,0,0,0,0
run_ocp_fault,0.01025,ENABLE,FAULT_LATCH,4,NONE,0,OCP,1,24,12,5,35,0,0,0,0
run_ocp_fault,0.0103,ENABLE,FAULT_LATCH,4,NONE,0,OCP,1,24,12,5,35,0,0,0,0
run_ocp_fault,0.01035,ENABLE,FAULT_LATCH,4,NONE,0,OCP,1,24,12,5,35,0,0,0,0
run_ocp_fault,0.0104,ENABLE,FAULT_LATCH,4,NONE,0,OCP,1,24,12,5,35,0,0,0,0
run_ocp_fault,0.01045,ENABLE,FAULT_LATCH,4,NONE,0,OCP,1,24,12,5,35,0,0,0,0
run_ocp_fault,0.0105,ENABLE,FAULT_LATCH,4,NONE,0,OCP,1,24,12,5,35,0,0,0,0
run_ocp_fault,0.01055,ENABLE,FAULT_LATCH,4,NONE,0,OCP,1,24,12,5,35,0,0,0,0
run_ocp_fault,0.0106,ENABLE,FAULT_LATCH,4,NONE,0,OCP,1,24,12,5,35,0,0,0,0
run_ocp_fault,0.01065,ENABLE,FAULT_LATCH,4,NONE,0,OCP,1,24,12,5,35,0,0,0,0
run_ocp_fault,0.0107,ENABLE,FAULT_LATCH,4,NONE,0,OCP,1,24,12,5,35,0,0,0,0
run_ocp_fault,0.01075,ENABLE,FAULT_LATCH,4,NONE,0,OCP,1,24,12,5,35,0,0,0,0
run_ocp_fault,0.0108,ENABLE,FAULT_LATCH,4,NONE,0,OCP,1,24,12,5,35,0,0,0,0
run_ocp_fault,0.01085,ENABLE,FAULT_LATCH,4,NONE,0,OCP,1,24,12,5,35,0,0,0,0
run_ocp_fault,0.0109,ENABLE,FAULT_LATCH,4,NONE,0,OCP,1,24,12,5,35,0,0,0,0
run_ocp_fault,0.01095,ENABLE,FAULT_LATCH,4,NONE,0,OCP,1,24,12,5,35,0,0,0,0
run_ocp_fault,0.011,NONE,FAULT_LATCH,4,NONE,0,OCP,1,24,12,5,35,0,0,0,0
run_ocp_fault,0.01105,NONE,FAULT_LATCH,4,NONE,0,OCP,1,24,12,5,35,0,0,0,0
run_ocp_fault,0.0111,NONE,FAULT_LATCH,4,NONE,0,OCP,1,24,12,5,35,0,0,0,0
run_ocp_fault,0.01115,NONE,FAULT_LATCH,4,NONE,0,OCP,1,24,12,5,35,0,0,0,0
run_ocp_fault,0.0112,NONE,FAULT_LATCH,4,NONE,0,OCP,1,24,12,5,35,0,0,0,0
run_ocp_fault,0.01125,NONE,FAULT_LATCH,4,NONE,0,OCP,1,24,12,5,35,0,0,0,0
run_ocp_fault,0.0113,NONE,FAULT_LATCH,4,NONE,0,OCP,1,24,12,5,35,0,0,0,0
run_ocp_fault,0.01135,NONE,FAULT_LATCH,4,NONE,0,OCP,1,24,12,5,35,0,0,0,0
run_ocp_fault,0.0114,NONE,FAULT_LATCH,4,NONE,0,OCP,1,24,12,5,35,0,0,0,0
run_ocp_fault,0.01145,NONE,FAULT_LATCH,4,NONE,0,OCP,1,24,12,5,35,0,0,0,0
run_ocp_fault,0.0115,NONE,FAULT_LATCH,4,NONE,0,OCP,1,24,12,5,35,0,0,0,0
run_ocp_fault,0.01155,NONE,FAULT_LATCH,4,NONE,0,OCP,1,24,12,5,35,0,0,0,0
run_ocp_fault,0.0116,NONE,FAULT_LATCH,4,NONE,0,OCP,1,24,12,5,35,0,0,0,0
run_ocp_fault,0.01165,NONE,FAULT_LATCH,4,NONE,0,OCP,1,24,12,5,35,0,0,0,0
run_ocp_fault,0.0117,NONE,FAULT_LATCH,4,NONE,0,OCP,1,24,12,5,35,0,0,0,0
run_ocp_fault,0.01175,NONE,FAULT_LATCH,4,NONE,0,OCP,1,24,12,5,35,0,0,0,0
run_ocp_fault,0.0118,NONE,FAULT_LATCH,4,NONE,0,OCP,1,24,12,5,35,0,0,0,0
run_ocp_fault,0.01185,NONE,FAULT_LATCH,4,NONE,0,OCP,1,24,12,5,35,0,0,0,0
run_ocp_fault,0.0119,NONE,FAULT_LATCH,4,NONE,0,OCP,1,24,12,5,35,0,0,0,0
run_ocp_fault,0.01195,NONE,FAULT_LATCH,4,NONE,0,OCP,1,24,12,5,35,0,0,0,0
run_ocp_fault,0.012,CLEAR_FAULT,RECOVERY,5,NONE,0,NONE,0,24,12,5,35,0,0,0,0
run_ocp_fault,0.01205,NONE,IDLE,1,NONE,0,NONE,0,24,12,5,35,0,0,0,0
run_ocp_fault,0.0121,NONE,IDLE,1,NONE,0,NONE,0,24,12,5,35,0,0,0,0
run_ocp_fault,0.01215,NONE,IDLE,1,NONE,0,NONE,0,24,12,5,35,0,0,0,0
run_ocp_fault,0.0122,NONE,IDLE,1,NONE,0,NONE,0,24,12,5,35,0,0,0,0
run_ocp_fault,0.01225,NONE,IDLE,1,NONE,0,NONE,0,24,12,5,35,0,0,0,0
run_ocp_fault,0.0123,NONE,IDLE,1,NONE,0,NONE,0,24,12,5,35,0,0,0,0
run_ocp_fault,0.01235,NONE,IDLE,1,NONE,0,NONE,0,24,12,5,35,0,0,0,0
run_ocp_fault,0.0124,NONE,IDLE,1,NONE,0,NONE,0,24,12,5,35,0,0,0,0
run_ocp_fault,0.01245,NONE,IDLE,1,NONE,0,NONE,0,24,12,5,35,0,0,0,0
run_ocp_fault,0.0125,NONE,IDLE,1,NONE,0,NONE,0,24,12,5,35,0,0,0,0
run_ocp_fault,0.01255,NONE,IDLE,1,NONE,0,NONE,0,24,12,5,35,0,0,0,0
run_ocp_fault,0.0126,NONE,IDLE,1,NONE,0,NONE,0,24,12,5,35,0,0,0,0
run_ocp_fault,0.01265,NONE,IDLE,1,NONE,0,NONE,0,24,12,5,35,0,0,0,0
run_ocp_fault,0.0127,NONE,IDLE,1,NONE,0,NONE,0,24,12,5,35,0,0,0,0
run_ocp_fault,0.01275,NONE,IDLE,1,NONE,0,NONE,0,24,12,5,35,0,0,0,0
run_ocp_fault,0.0128,NONE,IDLE,1,NONE,0,NONE,0,24,12,5,35,0,0,0,0
run_ocp_fault,0.01285,NONE,IDLE,1,NONE,0,NONE,0,24,12,5,35,0,0,0,0
run_ocp_fault,0.0129,NONE,IDLE,1,NONE,0,NONE,0,24,12,5,35,0,0,0,0
run_ocp_fault,0.01295,NONE,IDLE,1,NONE,0,NONE,0,24,12,5,35,0,0,0,0
run_ocp_fault,0.013,NONE,IDLE,1,NONE,0,NONE,0,24,12,5,35,0,0,0,0
run_ocp_fault,0.01305,NONE,IDLE,1,NONE,0,NONE,0,24,12,5,35,0,0,0,0
run_ocp_fault,0.0131,NONE,IDLE,1,NONE,0,NONE,0,24,12,5,35,0,0,0,0
run_ocp_fault,0.01315,NONE,IDLE,1,NONE,0,NONE,0,24,12,5,35,0,0,0,0
run_ocp_fault,0.0132,NONE,IDLE,1,NONE,0,NONE,0,24,12,5,35,0,0,0,0
run_ocp_fault,0.01325,NONE,IDLE,1,NONE,0,NONE,0,24,12,5,35,0,0,0,0
run_ocp_fault,0.0133,NONE,IDLE,1,NONE,0,NONE,0,24,12,5,35,0,0,0,0
run_ocp_fault,0.01335,NONE,IDLE,1,NONE,0,NONE,0,24,12,5,35,0,0,0,0
run_ocp_fault,0.0134,NONE,IDLE,1,NONE,0,NONE,0,24,12,5,35,0,0,0,0
run_ocp_fault,0.01345,NONE,IDLE,1,NONE,0,NONE,0,24,12,5,35,0,0,0,0
run_ocp_fault,0.0135,NONE,IDLE,1,NONE,0,NONE,0,24,12,5,35,0,0,0,0
run_ocp_fault,0.01355,NONE,IDLE,1,NONE,0,NONE,0,24,12,5,35,0,0,0,0
run_ocp_fault,0.0136,NONE,IDLE,1,NONE,0,NONE,0,24,12,5,35,0,0,0,0
run_ocp_fault,0.01365,NONE,IDLE,1,NONE,0,NONE,0,24,12,5,35,0,0,0,0
run_ocp_fault,0.0137,NONE,IDLE,1,NONE,0,NONE,0,24,12,5,35,0,0,0,0
run_ocp_fault,0.01375,NONE,IDLE,1,NONE,0,NONE,0,24,12,5,35,0,0,0,0
run_ocp_fault,0.0138,NONE,IDLE,1,NONE,0,NONE,0,24,12,5,35,0,0,0,0
run_ocp_fault,0.01385,NONE,IDLE,1,NONE,0,NONE,0,24,12,5,35,0,0,0,0
run_ocp_fault,0.0139,NONE,IDLE,1,NONE,0,NONE,0,24,12,5,35,0,0,0,0
run_ocp_fault,0.01395,NONE,IDLE,1,NONE,0,NONE,0,24,12,5,35,0,0,0,0
run_ocp_fault,0.014,ENABLE,SOFT_START,2,NONE,0,NONE,0,24,12,5,35,0,0,1,0
run_ocp_fault,0.01405,ENABLE,SOFT_START,2,NONE,0,NONE,0,24,12,5,35,0.12,0.005,1,0.05
run_ocp_fault,0.0141,ENABLE,SOFT_START,2,NONE,0,NONE,0,24,12,5,35,0.24,0.01,1,0.1
run_ocp_fault,0.01415,ENABLE,SOFT_START,2,NONE,0,NONE,0,24,12,5,35,0.36,0.015,1,0.15
run_ocp_fault,0.0142,ENABLE,SOFT_START,2,NONE,0,NONE,0,24,12,5,35,0.48,0.02,1,0.2
run_ocp_fault,0.01425,ENABLE,SOFT_START,2,NONE,0,NONE,0,24,12,5,35,0.6,0.025,1,0.25
run_ocp_fault,0.0143,ENABLE,SOFT_START,2,NONE,0,NONE,0,24,12,5,35,0.72,0.03,1,0.3
run_ocp_fault,0.01435,ENABLE,SOFT_START,2,NONE,0,NONE,0,24,12,5,35,0.84,0.035,1,0.35
run_ocp_fault,0.0144,ENABLE,SOFT_START,2,NONE,0,NONE,0,24,12,5,35,0.96,0.04,1,0.4
run_ocp_fault,0.01445,ENABLE,SOFT_START,2,NONE,0,NONE,0,24,12,5,35,1.08,0.045,1,0.45
run_ocp_fault,0.0145,ENABLE,SOFT_START,2,NONE,0,NONE,0,24,12,5,35,1.2,0.05,1,0.5
run_ocp_fault,0.01455,ENABLE,SOFT_START,2,NONE,0,NONE,0,24,12,5,35,1.32,0.055,1,0.55
run_ocp_fault,0.0146,ENABLE,SOFT_START,2,NONE,0,NONE,0,24,12,5,35,1.44,0.06,1,0.6
run_ocp_fault,0.01465,ENABLE,SOFT_START,2,NONE,0,NONE,0,24,12,5,35,1.56,0.065,1,0.65
run_ocp_fault,0.0147,ENABLE,SOFT_START,2,NONE,0,NONE,0,24,12,5,35,1.68,0.07,1,0.7
run_ocp_fault,0.01475,ENABLE,SOFT_START,2,NONE,0,NONE,0,24,12,5,35,1.8,0.075,1,0.75
run_ocp_fault,0.0148,ENABLE,SOFT_START,2,NONE,0,NONE,0,24,12,5,35,1.92,0.08,1,0.8
run_ocp_fault,0.01485,ENABLE,SOFT_START,2,NONE,0,NONE,0,24,12,5,35,2.04,0.085,1,0.85
run_ocp_fault,0.0149,ENABLE,SOFT_START,2,NONE,0,NONE,0,24,12,5,35,2.16,0.09,1,0.9
run_ocp_fault,0.01495,ENABLE,SOFT_START,2,NONE,0,NONE,0,24,12,5,35,2.28,0.095,1,0.95
run_ocp_fault,0.015,ENABLE,SOFT_START,2,NONE,0,NONE,0,24,12,5,35,2.4,0.1,1,1
run_ocp_fault,0.01505,ENABLE,SOFT_START,2,NONE,0,NONE,0,24,12,5,35,2.52,0.105,1,1.05
run_ocp_fault,0.0151,ENABLE,SOFT_START,2,NONE,0,NONE,0,24,12,5,35,2.64,0.11,1,1.1
run_ocp_fault,0.01515,ENABLE,SOFT_START,2,NONE,0,NONE,0,24,12,5,35,2.76,0.115,1,1.15
run_ocp_fault,0.0152,ENABLE,SOFT_START,2,NONE,0,NONE,0,24,12,5,35,2.88,0.12,1,1.2
run_ocp_fault,0.01525,ENABLE,SOFT_START,2,NONE,0,NONE,0,24,12,5,35,3,0.125,1,1.25
run_ocp_fault,0.0153,ENABLE,SOFT_START,2,NONE,0,NONE,0,24,12,5,35,3.12,0.13,1,1.3
run_ocp_fault,0.01535,ENABLE,SOFT_START,2,NONE,0,NONE,0,24,12,5,35,3.24,0.135,1,1.35
run_ocp_fault,0.0154,ENABLE,SOFT_START,2,NONE,0,NONE,0,24,12,5,35,3.36,0.14,1,1.4
run_ocp_fault,0.01545,ENABLE,SOFT_START,2,NONE,0,NONE,0,24,12,5,35,3.48,0.145,1,1.45
run_ocp_fault,0.0155,ENABLE,SOFT_START,2,NONE,0,NONE,0,24,12,5,35,3.6,0.15,1,1.5
run_ocp_fault,0.01555,ENABLE,SOFT_START,2,NONE,0,NONE,0,24,12,5,35,3.72,0.155,1,1.55
run_ocp_fault,0.0156,ENABLE,SOFT_START,2,NONE,0,NONE,0,24,12,5,35,3.84,0.16,1,1.6
run_ocp_fault,0.01565,ENABLE,SOFT_START,2,NONE,0,NONE,0,24,12,5,35,3.96,0.165,1,1.65
run_ocp_fault,0.0157,ENABLE,SOFT_START,2,NONE,0,NONE,0,24,12,5,35,4.08,0.17,1,1.7
run_ocp_fault,0.01575,ENABLE,SOFT_START,2,NONE,0,NONE,0,24,12,5,35,4.2,0.175,1,1.75
run_ocp_fault,0.0158,ENABLE,SOFT_START,2,NONE,0,NONE,0,24,12,5,35,4.32,0.18,1,1.8
run_ocp_fault,0.01585,ENABLE,SOFT_START,2,NONE,0,NONE,0,24,12,5,35,4.44,0.185,1,1.85
run_ocp_fault,0.0159,ENABLE,SOFT_START,2,NONE,0,NONE,0,24,12,5,35,4.56,0.19,1,1.9
run_ocp_fault,0.01595,ENABLE,SOFT_START,2,NONE,0,NONE,0,24,12,5,35,4.68,0.195,1,1.95
run_ocp_fault,0.016,ENABLE,SOFT_START,2,NONE,0,NONE,0,24,12,5,35,4.8,0.2,1,2
run_ocp_fault,0.01605,ENABLE,SOFT_START,2,NONE,0,NONE,0,24,12,5,35,4.92,0.205,1,2.05
run_ocp_fault,0.0161,ENABLE,SOFT_START,2,NONE,0,NONE,0,24,12,5,35,5.04,0.21,1,2.1
run_ocp_fault,0.01615,ENABLE,SOFT_START,2,NONE,0,NONE,0,24,12,5,35,5.16,0.215,1,2.15
run_ocp_fault,0.0162,ENABLE,SOFT_START,2,NONE,0,NONE,0,24,12,5,35,5.28,0.22,1,2.2
run_ocp_fault,0.01625,ENABLE,SOFT_START,2,NONE,0,NONE,0,24,12,5,35,5.4,0.225,1,2.25
run_ocp_fault,0.0163,ENABLE,SOFT_START,2,NONE,0,NONE,0,24,12,5,35,5.52,0.23,1,2.3
run_ocp_fault,0.01635,ENABLE,SOFT_START,2,NONE,0,NONE,0,24,12,5,35,5.64,0.235,1,2.35
run_ocp_fault,0.0164,ENABLE,SOFT_START,2,NONE,0,NONE,0,24,12,5,35,5.76,0.24,1,2.4
run_ocp_fault,0.01645,ENABLE,SOFT_START,2,NONE,0,NONE,0,24,12,5,35,5.88,0.245,1,2.45
run_ocp_fault,0.0165,ENABLE,SOFT_START,2,NONE,0,NONE,0,24,12,5,35,6,0.25,1,2.5
run_ocp_fault,0.01655,ENABLE,SOFT_START,2,NONE,0,NONE,0,24,12,5,35,6.12,0.255,1,2.55
run_ocp_fault,0.0166,ENABLE,SOFT_START,2,NONE,0,NONE,0,24,12,5,35,6.24,0.26,1,2.6
run_ocp_fault,0.01665,ENABLE,SOFT_START,2,NONE,0,NONE,0,24,12,5,35,6.36,0.265,1,2.65
run_ocp_fault,0.0167,ENABLE,SOFT_START,2,NONE,0,NONE,0,24,12,5,35,6.48,0.27,1,2.7
run_ocp_fault,0.01675,ENABLE,SOFT_START,2,NONE,0,NONE,0,24,12,5,35,6.6,0.275,1,2.75
run_ocp_fault,0.0168,ENABLE,SOFT_START,2,NONE,0,NONE,0,24,12,5,35,6.72,0.28,1,2.8
run_ocp_fault,0.01685,ENABLE,SOFT_START,2,NONE,0,NONE,0,24,12,5,35,6.84,0.285,1,2.85
run_ocp_fault,0.0169,ENABLE,SOFT_START,2,NONE,0,NONE,0,24,12,5,35,6.96,0.29,1,2.9
run_ocp_fault,0.01695,ENABLE,SOFT_START,2,NONE,0,NONE,0,24,12,5,35,7.08,0.295,1,2.95
run_ocp_fault,0.017,ENABLE,SOFT_START,2,NONE,0,NONE,0,24,12,5,35,7.2,0.3,1,3
run_ocp_fault,0.01705,ENABLE,SOFT_START,2,NONE,0,NONE,0,24,12,5,35,7.32,0.305,1,3.05
run_ocp_fault,0.0171,ENABLE,SOFT_START,2,NONE,0,NONE,0,24,12,5,35,7.44,0.31,1,3.1
run_ocp_fault,0.01715,ENABLE,SOFT_START,2,NONE,0,NONE,0,24,12,5,35,7.56,0.315,1,3.15
run_ocp_fault,0.0172,ENABLE,SOFT_START,2,NONE,0,NONE,0,24,12,5,35,7.68000000000001,0.32,1,3.2
run_ocp_fault,0.01725,ENABLE,SOFT_START,2,NONE,0,NONE,0,24,12,5,35,7.8,0.325,1,3.25
run_ocp_fault,0.0173,ENABLE,SOFT_START,2,NONE,0,NONE,0,24,12,5,35,7.92,0.33,1,3.3
run_ocp_fault,0.01735,ENABLE,SOFT_START,2,NONE,0,NONE,0,24,12,5,35,8.04,0.335,1,3.35
run_ocp_fault,0.0174,ENABLE,SOFT_START,2,NONE,0,NONE,0,24,12,5,35,8.16000000000001,0.34,1,3.4
run_ocp_fault,0.01745,ENABLE,SOFT_START,2,NONE,0,NONE,0,24,12,5,35,8.28000000000001,0.345,1,3.45
run_ocp_fault,0.0175,ENABLE,SOFT_START,2,NONE,0,NONE,0,24,12,5,35,8.40000000000001,0.35,1,3.5
run_ocp_fault,0.01755,ENABLE,SOFT_START,2,NONE,0,NONE,0,24,12,5,35,8.52000000000001,0.355,1,3.55
run_ocp_fault,0.0176,ENABLE,SOFT_START,2,NONE,0,NONE,0,24,12,5,35,8.64000000000001,0.36,1,3.6
run_ocp_fault,0.01765,ENABLE,SOFT_START,2,NONE,0,NONE,0,24,12,5,35,8.76000000000001,0.365,1,3.65
run_ocp_fault,0.0177,ENABLE,SOFT_START,2,NONE,0,NONE,0,24,12,5,35,8.88000000000001,0.37,1,3.7
run_ocp_fault,0.01775,ENABLE,SOFT_START,2,NONE,0,NONE,0,24,12,5,35,9.00000000000001,0.375,1,3.75
run_ocp_fault,0.0178,ENABLE,SOFT_START,2,NONE,0,NONE,0,24,12,5,35,9.12000000000001,0.38,1,3.8
run_ocp_fault,0.01785,ENABLE,SOFT_START,2,NONE,0,NONE,0,24,12,5,35,9.24000000000001,0.385,1,3.85
run_ocp_fault,0.0179,ENABLE,SOFT_START,2,NONE,0,NONE,0,24,12,5,35,9.36000000000001,0.39,1,3.9
run_ocp_fault,0.01795,ENABLE,SOFT_START,2,NONE,0,NONE,0,24,12,5,35,9.48000000000001,0.395,1,3.95
run_ocp_fault,0.018,ENABLE,SOFT_START,2,NONE,0,NONE,0,24,12,5,35,9.60000000000001,0.4,1,4
run_ocp_fault,0.01805,ENABLE,SOFT_START,2,NONE,0,NONE,0,24,12,5,35,9.72000000000001,0.405,1,4.05
run_ocp_fault,0.0181,ENABLE,SOFT_START,2,NONE,0,NONE,0,24,12,5,35,9.84000000000001,0.41,1,4.1
run_ocp_fault,0.01815,ENABLE,SOFT_START,2,NONE,0,NONE,0,24,12,5,35,9.96000000000001,0.415,1,4.15
run_ocp_fault,0.0182,ENABLE,SOFT_START,2,NONE,0,NONE,0,24,12,5,35,10.08,0.42,1,4.2
run_ocp_fault,0.01825,ENABLE,SOFT_START,2,NONE,0,NONE,0,24,12,5,35,10.2,0.425,1,4.25
run_ocp_fault,0.0183,ENABLE,SOFT_START,2,NONE,0,NONE,0,24,12,5,35,10.32,0.43,1,4.3
run_ocp_fault,0.01835,ENABLE,SOFT_START,2,NONE,0,NONE,0,24,12,5,35,10.44,0.435,1,4.35
run_ocp_fault,0.0184,ENABLE,SOFT_START,2,NONE,0,NONE,0,24,12,5,35,10.56,0.44,1,4.4
run_ocp_fault,0.01845,ENABLE,SOFT_START,2,NONE,0,NONE,0,24,12,5,35,10.68,0.445,1,4.45
run_ocp_fault,0.0185,ENABLE,SOFT_START,2,NONE,0,NONE,0,24,12,5,35,10.8,0.45,1,4.5
run_ocp_fault,0.01855,ENABLE,SOFT_START,2,NONE,0,NONE,0,24,12,5,35,10.92,0.455,1,4.55
run_ocp_fault,0.0186,ENABLE,SOFT_START,2,NONE,0,NONE,0,24,12,5,35,11.04,0.46,1,4.6
run_ocp_fault,0.01865,ENABLE,SOFT_START,2,NONE,0,NONE,0,24,12,5,35,11.16,0.465,1,4.65
run_ocp_fault,0.0187,ENABLE,SOFT_START,2,NONE,0,NONE,0,24,12,5,35,11.28,0.47,1,4.7
run_ocp_fault,0.01875,ENABLE,SOFT_START,2,NONE,0,NONE,0,24,12,5,35,11.4,0.475,1,4.75
run_ocp_fault,0.0188,ENABLE,SOFT_START,2,NONE,0,NONE,0,24,12,5,35,11.52,0.48,1,4.8
run_ocp_fault,0.01885,ENABLE,SOFT_START,2,NONE,0,NONE,0,24,12,5,35,11.64,0.485,1,4.85
run_ocp_fault,0.0189,ENABLE,SOFT_START,2,NONE,0,NONE,0,24,12,5,35,11.76,0.49,1,4.9
run_ocp_fault,0.01895,ENABLE,SOFT_START,2,NONE,0,NONE,0,24,12,5,35,11.88,0.495,1,4.95
run_ocp_fault,0.019,ENABLE,SOFT_START,2,NONE,0,NONE,0,24,12,5,35,12,0.5,1,5
run_ocp_fault,0.01905,ENABLE,RUN,3,NONE,0,NONE,0,24,12,5,35,12,0.5,1,5
run_ocp_fault,0.0191,ENABLE,RUN,3,NONE,0,NONE,0,24,12,5,35,12,0.5,1,5
run_ocp_fault,0.01915,ENABLE,RUN,3,NONE,0,NONE,0,24,12,5,35,12,0.5,1,5
run_ocp_fault,0.0192,ENABLE,RUN,3,NONE,0,NONE,0,24,12,5,35,12,0.5,1,5
run_ocp_fault,0.01925,ENABLE,RUN,3,NONE,0,NONE,0,24,12,5,35,12,0.5,1,5
run_ocp_fault,0.0193,ENABLE,RUN,3,NONE,0,NONE,0,24,12,5,35,12,0.5,1,5
run_ocp_fault,0.01935,ENABLE,RUN,3,NONE,0,NONE,0,24,12,5,35,12,0.5,1,5
run_ocp_fault,0.0194,ENABLE,RUN,3,NONE,0,NONE,0,24,12,5,35,12,0.5,1,5
run_ocp_fault,0.01945,ENABLE,RUN,3,NONE,0,NONE,0,24,12,5,35,12,0.5,1,5
run_ocp_fault,0.0195,ENABLE,RUN,3,NONE,0,NONE,0,24,12,5,35,12,0.5,1,5
run_ocp_fault,0.01955,ENABLE,RUN,3,NONE,0,NONE,0,24,12,5,35,12,0.5,1,5
run_ocp_fault,0.0196,ENABLE,RUN,3,NONE,0,NONE,0,24,12,5,35,12,0.5,1,5
run_ocp_fault,0.01965,ENABLE,RUN,3,NONE,0,NONE,0,24,12,5,35,12,0.5,1,5
run_ocp_fault,0.0197,ENABLE,RUN,3,NONE,0,NONE,0,24,12,5,35,12,0.5,1,5
run_ocp_fault,0.01975,ENABLE,RUN,3,NONE,0,NONE,0,24,12,5,35,12,0.5,1,5
run_ocp_fault,0.0198,ENABLE,RUN,3,NONE,0,NONE,0,24,12,5,35,12,0.5,1,5
run_ocp_fault,0.01985,ENABLE,RUN,3,NONE,0,NONE,0,24,12,5,35,12,0.5,1,5
run_ocp_fault,0.0199,ENABLE,RUN,3,NONE,0,NONE,0,24,12,5,35,12,0.5,1,5
run_ocp_fault,0.01995,ENABLE,RUN,3,NONE,0,NONE,0,24,12,5,35,12,0.5,1,5
run_ocp_fault,0.02,ENABLE,RUN,3,NONE,0,NONE,0,24,12,5,35,12,0.5,1,5
run_ocp_fault,0.02005,ENABLE,RUN,3,NONE,0,NONE,0,24,12,5,35,12,0.5,1,5
run_ocp_fault,0.0201,ENABLE,RUN,3,NONE,0,NONE,0,24,12,5,35,12,0.5,1,5
run_ocp_fault,0.02015,ENABLE,RUN,3,NONE,0,NONE,0,24,12,5,35,12,0.5,1,5
run_ocp_fault,0.0202,ENABLE,RUN,3,NONE,0,NONE,0,24,12,5,35,12,0.5,1,5
run_ocp_fault,0.02025,ENABLE,RUN,3,NONE,0,NONE,0,24,12,5,35,12,0.5,1,5
run_ocp_fault,0.0203,ENABLE,RUN,3,NONE,0,NONE,0,24,12,5,35,12,0.5,1,5
run_ocp_fault,0.02035,ENABLE,RUN,3,NONE,0,NONE,0,24,12,5,35,12,0.5,1,5
run_ocp_fault,0.0204,ENABLE,RUN,3,NONE,0,NONE,0,24,12,5,35,12,0.5,1,5
run_ocp_fault,0.02045,ENABLE,RUN,3,NONE,0,NONE,0,24,12,5,35,12,0.5,1,5
run_ocp_fault,0.0205,ENABLE,RUN,3,NONE,0,NONE,0,24,12,5,35,12,0.5,1,5
run_ocp_fault,0.02055,ENABLE,RUN,3,NONE,0,NONE,0,24,12,5,35,12,0.5,1,5
run_ocp_fault,0.0206,ENABLE,RUN,3,NONE,0,NONE,0,24,12,5,35,12,0.5,1,5
run_ocp_fault,0.02065,ENABLE,RUN,3,NONE,0,NONE,0,24,12,5,35,12,0.5,1,5
run_ocp_fault,0.0207,ENABLE,RUN,3,NONE,0,NONE,0,24,12,5,35,12,0.5,1,5
run_ocp_fault,0.02075,ENABLE,RUN,3,NONE,0,NONE,0,24,12,5,35,12,0.5,1,5
run_ocp_fault,0.0208,ENABLE,RUN,3,NONE,0,NONE,0,24,12,5,35,12,0.5,1,5
run_ocp_fault,0.02085,ENABLE,RUN,3,NONE,0,NONE,0,24,12,5,35,12,0.5,1,5
run_ocp_fault,0.0209,ENABLE,RUN,3,NONE,0,NONE,0,24,12,5,35,12,0.5,1,5
run_ocp_fault,0.02095,ENABLE,RUN,3,NONE,0,NONE,0,24,12,5,35,12,0.5,1,5
run_ocp_fault,0.021,ENABLE,RUN,3,NONE,0,NONE,0,24,12,5,35,12,0.5,1,5
run_ocp_fault,0.02105,ENABLE,RUN,3,NONE,0,NONE,0,24,12,5,35,12,0.5,1,5
run_ocp_fault,0.0211,ENABLE,RUN,3,NONE,0,NONE,0,24,12,5,35,12,0.5,1,5
run_ocp_fault,0.02115,ENABLE,RUN,3,NONE,0,NONE,0,24,12,5,35,12,0.5,1,5
run_ocp_fault,0.0212,ENABLE,RUN,3,NONE,0,NONE,0,24,12,5,35,12,0.5,1,5
run_ocp_fault,0.02125,ENABLE,RUN,3,NONE,0,NONE,0,24,12,5,35,12,0.5,1,5
run_ocp_fault,0.0213,ENABLE,RUN,3,NONE,0,NONE,0,24,12,5,35,12,0.5,1,5
run_ocp_fault,0.02135,ENABLE,RUN,3,NONE,0,NONE,0,24,12,5,35,12,0.5,1,5
run_ocp_fault,0.0214,ENABLE,RUN,3,NONE,0,NONE,0,24,12,5,35,12,0.5,1,5
run_ocp_fault,0.02145,ENABLE,RUN,3,NONE,0,NONE,0,24,12,5,35,12,0.5,1,5
run_ocp_fault,0.0215,ENABLE,RUN,3,NONE,0,NONE,0,24,12,5,35,12,0.5,1,5
run_ocp_fault,0.02155,ENABLE,RUN,3,NONE,0,NONE,0,24,12,5,35,12,0.5,1,5
run_ocp_fault,0.0216,ENABLE,RUN,3,NONE,0,NONE,0,24,12,5,35,12,0.5,1,5
run_ocp_fault,0.02165,ENABLE,RUN,3,NONE,0,NONE,0,24,12,5,35,12,0.5,1,5
run_ocp_fault,0.0217,ENABLE,RUN,3,NONE,0,NONE,0,24,12,5,35,12,0.5,1,5
run_ocp_fault,0.02175,ENABLE,RUN,3,NONE,0,NONE,0,24,12,5,35,12,0.5,1,5
run_ocp_fault,0.0218,ENABLE,RUN,3,NONE,0,NONE,0,24,12,5,35,12,0.5,1,5
run_ocp_fault,0.02185,ENABLE,RUN,3,NONE,0,NONE,0,24,12,5,35,12,0.5,1,5
run_ocp_fault,0.0219,ENABLE,RUN,3,NONE,0,NONE,0,24,12,5,35,12,0.5,1,5
run_ocp_fault,0.02195,ENABLE,RUN,3,NONE,0,NONE,0,24,12,5,35,12,0.5,1,5
run_ocp_fault,0.022,ENABLE,RUN,3,NONE,0,NONE,0,24,12,5,35,12,0.5,1,5
run_ocp_fault,0.02205,ENABLE,RUN,3,NONE,0,NONE,0,24,12,5,35,12,0.5,1,5
run_ocp_fault,0.0221,ENABLE,RUN,3,NONE,0,NONE,0,24,12,5,35,12,0.5,1,5
run_ocp_fault,0.02215,ENABLE,RUN,3,NONE,0,NONE,0,24,12,5,35,12,0.5,1,5
run_ocp_fault,0.0222,ENABLE,RUN,3,NONE,0,NONE,0,24,12,5,35,12,0.5,1,5
run_ocp_fault,0.02225,ENABLE,RUN,3,NONE,0,NONE,0,24,12,5,35,12,0.5,1,5
run_ocp_fault,0.0223,ENABLE,RUN,3,NONE,0,NONE,0,24,12,5,35,12,0.5,1,5
run_ocp_fault,0.02235,ENABLE,RUN,3,NONE,0,NONE,0,24,12,5,35,12,0.5,1,5
run_ocp_fault,0.0224,ENABLE,RUN,3,NONE,0,NONE,0,24,12,5,35,12,0.5,1,5
run_ocp_fault,0.02245,ENABLE,RUN,3,NONE,0,NONE,0,24,12,5,35,12,0.5,1,5
run_ocp_fault,0.0225,ENABLE,RUN,3,NONE,0,NONE,0,24,12,5,35,12,0.5,1,5
run_ocp_fault,0.02255,ENABLE,RUN,3,NONE,0,NONE,0,24,12,5,35,12,0.5,1,5
run_ocp_fault,0.0226,ENABLE,RUN,3,NONE,0,NONE,0,24,12,5,35,12,0.5,1,5
run_ocp_fault,0.02265,ENABLE,RUN,3,NONE,0,NONE,0,24,12,5,35,12,0.5,1,5
run_ocp_fault,0.0227,ENABLE,RUN,3,NONE,0,NONE,0,24,12,5,35,12,0.5,1,5
run_ocp_fault,0.02275,ENABLE,RUN,3,NONE,0,NONE,0,24,12,5,35,12,0.5,1,5
run_ocp_fault,0.0228,ENABLE,RUN,3,NONE,0,NONE,0,24,12,5,35,12,0.5,1,5
run_ocp_fault,0.02285,ENABLE,RUN,3,NONE,0,NONE,0,24,12,5,35,12,0.5,1,5
run_ocp_fault,0.0229,ENABLE,RUN,3,NONE,0,NONE,0,24,12,5,35,12,0.5,1,5
run_ocp_fault,0.02295,ENABLE,RUN,3,NONE,0,NONE,0,24,12,5,35,12,0.5,1,5
run_ocp_fault,0.023,ENABLE,RUN,3,NONE,0,NONE,0,24,12,5,35,12,0.5,1,5
run_ocp_fault,0.02305,ENABLE,RUN,3,NONE,0,NONE,0,24,12,5,35,12,0.5,1,5
run_ocp_fault,0.0231,ENABLE,RUN,3,NONE,0,NONE,0,24,12,5,35,12,0.5,1,5
run_ocp_fault,0.02315,ENABLE,RUN,3,NONE,0,NONE,0,24,12,5,35,12,0.5,1,5
run_ocp_fault,0.0232,ENABLE,RUN,3,NONE,0,NONE,0,24,12,5,35,12,0.5,1,5
run_ocp_fault,0.02325,ENABLE,RUN,3,NONE,0,NONE,0,24,12,5,35,12,0.5,1,5
run_ocp_fault,0.0233,ENABLE,RUN,3,NONE,0,NONE,0,24,12,5,35,12,0.5,1,5
run_ocp_fault,0.02335,ENABLE,RUN,3,NONE,0,NONE,0,24,12,5,35,12,0.5,1,5
run_ocp_fault,0.0234,ENABLE,RUN,3,NONE,0,NONE,0,24,12,5,35,12,0.5,1,5
run_ocp_fault,0.02345,ENABLE,RUN,3,NONE,0,NONE,0,24,12,5,35,12,0.5,1,5
run_ocp_fault,0.0235,ENABLE,RUN,3,NONE,0,NONE,0,24,12,5,35,12,0.5,1,5
run_ocp_fault,0.02355,ENABLE,RUN,3,NONE,0,NONE,0,24,12,5,35,12,0.5,1,5
run_ocp_fault,0.0236,ENABLE,RUN,3,NONE,0,NONE,0,24,12,5,35,12,0.5,1,5
run_ocp_fault,0.02365,ENABLE,RUN,3,NONE,0,NONE,0,24,12,5,35,12,0.5,1,5
run_ocp_fault,0.0237,ENABLE,RUN,3,NONE,0,NONE,0,24,12,5,35,12,0.5,1,5
run_ocp_fault,0.02375,ENABLE,RUN,3,NONE,0,NONE,0,24,12,5,35,12,0.5,1,5
run_ocp_fault,0.0238,ENABLE,RUN,3,NONE,0,NONE,0,24,12,5,35,12,0.5,1,5
run_ocp_fault,0.02385,ENABLE,RUN,3,NONE,0,NONE,0,24,12,5,35,12,0.5,1,5
run_ocp_fault,0.0239,ENABLE,RUN,3,NONE,0,NONE,0,24,12,5,35,12,0.5,1,5
run_ocp_fault,0.02395,ENABLE,RUN,3,NONE,0,NONE,0,24,12,5,35,12,0.5,1,5
run_ocp_fault,0.024,ENABLE,RUN,3,NONE,0,NONE,0,24,12,5,35,12,0.5,1,5
